Day,Average_kW
Monday,1.0008599273274363
Tuesday,1.1002208392318171
Wednesday,1.070535509778636
Thursday,0.9749586992087076
Friday,1.0625537080812533
Saturday,1.2637516530873343
Sunday,1.2870623629210223
