Category,Average_kW,Percentage
Peak Hours,1.4746450257878634,62.4099445672048
Non-Peak Hours,0.8881915958661161,37.59005543279519
