Season,Average_kW
Fall,1.1462420407446703
Spring,1.100837091791619
Summer,0.7185643849689718
Winter,1.479039572384324
